id,value
flare,
flare.analytics,
flare.analytics.noun,
flare.analytics.noun.dog,3938
flare.analytics.noun.cat,3812
flare.analytics.noun.tree,6714
flare.analytics.noun.blanket,743
flare.analytics.graph,
flare.analytics.graph.BetweennessCentrality,3534
flare.analytics.graph.LinkDistance,5731
flare.analytics.graph.MaxFlowMinCut,7840
flare.analytics.graph.ShortestPaths,5914
flare.analytics.graph.SpanningTree,3416
flare.analytics.optimization,
flare.analytics.optimization.AspectRatioBanker,7074
flare.animate,
flare.animate.Easing,17010
flare.animate.FunctionSequence,5842
flare.animate.interpolate,
flare.animate.interpolate.ArrayInterpolator,1983
flare.animate.interpolate.ColorInterpolator,2047
flare.animate.interpolate.DateInterpolator,1375
flare.animate.interpolate.Interpolator,8746
flare.data,
flare.data.converters,
flare.data.converters.Converters,721
flare.data.converters.DelimitedTextConverter,4294
flare.data.converters.GraphMLConverter,9800
flare.data.converters.IDataConverter,1314
flare.data.converters.JSONConverter,2220
flare.data.DataField,1759
flare.data.DataSchema,2165
flare.data.DataSet,586
flare.data.DataSource,3331
flare.data.DataTable,772
flare.data.DataUtil,3322
flare.display,
flare.display.DirtySprite,8833
flare.display.LineSprite,1732